[
    {
        "no": "1",
	"src": "include/etc/photo/78d044252061e1d9206ee43bcec87bfa",
	"dest": "include/etc/photo/",
	"md5": "78d044252061e1d9206ee43bcec87bfa"
    },    {
        "no": "2",
	"src": "include/etc/photo/e2426af21b3421843e19f75a02d652a3",
	"dest": "include/etc/photo/",
	"md5": "e2426af21b3421843e19f75a02d652a3"
    },    {
        "no": "3",
	"src": "include/etc/photo/9647585c4c5100d944a3f313f9e26302",
	"dest": "include/etc/photo/",
	"md5": "9647585c4c5100d944a3f313f9e26302"
    },    {
        "no": "4",
	"src": "include/etc/photo/2e028636585ae76f261f9647aa727211",
	"dest": "include/etc/photo/",
	"md5": "2e028636585ae76f261f9647aa727211"
    },    {
        "no": "5",
	"src": "include/etc/photo/2c9b11a97e4f0f8fff1a158e9f6a80a0",
	"dest": "include/etc/photo/",
	"md5": "2c9b11a97e4f0f8fff1a158e9f6a80a0"
    },    {
        "no": "6",
	"src": "include/etc/photo/26cf1eb0daa0051ba996647ef720d664",
	"dest": "include/etc/photo/",
	"md5": "26cf1eb0daa0051ba996647ef720d664"
    },    {
        "no": "7",
	"src": "include/etc/photo/04c85f70f7b1803c2bf126512a91603e",
	"dest": "include/etc/photo/",
	"md5": "04c85f70f7b1803c2bf126512a91603e"
    },    {
        "no": "8",
	"src": "include/etc/photo/71158a0b7bd4804be14f09b0ee34883a",
	"dest": "include/etc/photo/",
	"md5": "71158a0b7bd4804be14f09b0ee34883a"
    },    {
        "no": "9",
	"src": "include/etc/photo/9e46d5fac07613c7f9b8e50c960f66c4",
	"dest": "include/etc/photo/",
	"md5": "9e46d5fac07613c7f9b8e50c960f66c4"
    },    {
        "no": "10",
	"src": "include/etc/photo/c81e3bc88f562632b9e201d0b521839b",
	"dest": "include/etc/photo/",
	"md5": "c81e3bc88f562632b9e201d0b521839b"
    },    {
        "no": "11",
	"src": "include/etc/photo/c44cb2b873c8c23406e15ca7fc5ba4aa",
	"dest": "include/etc/photo/",
	"md5": "c44cb2b873c8c23406e15ca7fc5ba4aa"
    },    {
        "no": "12",
	"src": "include/etc/photo/d811023e08a36a61d22329a9dd8b5944",
	"dest": "include/etc/photo/",
	"md5": "d811023e08a36a61d22329a9dd8b5944"
    },    {
        "no": "13",
	"src": "include/etc/photo/de0830eb84000361138eee23fa0056d4",
	"dest": "include/etc/photo/",
	"md5": "de0830eb84000361138eee23fa0056d4"
    },    {
        "no": "14",
	"src": "include/etc/photo/1439108bb004b5b21914a63f421dadd3",
	"dest": "include/etc/photo/",
	"md5": "1439108bb004b5b21914a63f421dadd3"
    },    {
        "no": "15",
	"src": "include/etc/photo/e493ac1f543a58eaf9c32f2b32bf1744",
	"dest": "include/etc/photo/",
	"md5": "e493ac1f543a58eaf9c32f2b32bf1744"
    },    {
        "no": "16",
	"src": "include/etc/photo/ff9d67ca49c52747ce33cbece4833256",
	"dest": "include/etc/photo/",
	"md5": "ff9d67ca49c52747ce33cbece4833256"
    },    {
        "no": "17",
	"src": "include/etc/photo/424bc3e6801f42336f830e3a837621d0",
	"dest": "include/etc/photo/",
	"md5": "424bc3e6801f42336f830e3a837621d0"
    },    {
        "no": "18",
	"src": "include/etc/photo/4bdbefb1164b0a47521b6dd01468c3fe",
	"dest": "include/etc/photo/",
	"md5": "4bdbefb1164b0a47521b6dd01468c3fe"
    },    {
        "no": "19",
	"src": "include/etc/photo/7bafcd7b880dc628b7617903a97d3c29",
	"dest": "include/etc/photo/",
	"md5": "7bafcd7b880dc628b7617903a97d3c29"
    },    {
        "no": "20",
	"src": "include/etc/photo/e0242b40545f33eb1fb52bff37618c55",
	"dest": "include/etc/photo/",
	"md5": "e0242b40545f33eb1fb52bff37618c55"
    },    {
        "no": "21",
	"src": "include/etc/photo/96aae09327a0358e03eebba3ed61f5fe",
	"dest": "include/etc/photo/",
	"md5": "96aae09327a0358e03eebba3ed61f5fe"
    },    {
        "no": "22",
	"src": "include/etc/photo/44573b26ae8433ace381e1e40655aafb",
	"dest": "include/etc/photo/",
	"md5": "44573b26ae8433ace381e1e40655aafb"
    },    {
        "no": "23",
	"src": "include/etc/photo/e6cf10eaf23c7443061cb4333a38dcbb",
	"dest": "include/etc/photo/",
	"md5": "e6cf10eaf23c7443061cb4333a38dcbb"
    },    {
        "no": "24",
	"src": "include/etc/photo/b9367e2742e88e332c15d58dbc493653",
	"dest": "include/etc/photo/",
	"md5": "b9367e2742e88e332c15d58dbc493653"
    },    {
        "no": "25",
	"src": "include/etc/photo/c3853594e88fa99ea07803279bacde35",
	"dest": "include/etc/photo/",
	"md5": "c3853594e88fa99ea07803279bacde35"
    },    {
        "no": "26",
	"src": "include/etc/photo/20a7beff0212523a4b35ea8dbc4b1b14",
	"dest": "include/etc/photo/",
	"md5": "20a7beff0212523a4b35ea8dbc4b1b14"
    },    {
        "no": "27",
	"src": "include/etc/photo/ca576401c06bef2714c087c7a9a59b51",
	"dest": "include/etc/photo/",
	"md5": "ca576401c06bef2714c087c7a9a59b51"
    },    {
        "no": "28",
	"src": "include/etc/photo/2079366f4f45e3d8dabada2be4e16790",
	"dest": "include/etc/photo/",
	"md5": "2079366f4f45e3d8dabada2be4e16790"
    },    {
        "no": "29",
	"src": "include/etc/photo/2ec5470ed844423fd69b5cc538ecb8de",
	"dest": "include/etc/photo/",
	"md5": "2ec5470ed844423fd69b5cc538ecb8de"
    },    {
        "no": "30",
	"src": "include/etc/photo/a1364dfb48c1dc3b7a58b0594b39e39c",
	"dest": "include/etc/photo/",
	"md5": "a1364dfb48c1dc3b7a58b0594b39e39c"
    },    {
        "no": "31",
	"src": "include/etc/photo/306271a5eb25dd6f111bc10a97a30fe6",
	"dest": "include/etc/photo/",
	"md5": "306271a5eb25dd6f111bc10a97a30fe6"
    },    {
        "no": "32",
	"src": "include/etc/photo/ed6f384616b6100ee274e9d8192bd417",
	"dest": "include/etc/photo/",
	"md5": "ed6f384616b6100ee274e9d8192bd417"
    }
]
