[
    {
        "no": "1",
	"src": "resource/etc/photo/thumb/c81e3bc88f562632b9e201d0b521839b_72c.jpg",
	"dest": "resource/etc/photo/thumb/",
	"md5": "16f60f5bae9ea52d9c0e16685cbc4aad"
    },    {
        "no": "2",
	"src": "resource/etc/photo/thumb/b9367e2742e88e332c15d58dbc493653_200c.jpg",
	"dest": "resource/etc/photo/thumb/",
	"md5": "32088312c5c7d582808285253fe5b14f"
    },    {
        "no": "3",
	"src": "resource/etc/photo/thumb/ed6f384616b6100ee274e9d8192bd417_200c.jpg",
	"dest": "resource/etc/photo/thumb/",
	"md5": "14c93164d45617e9d182f268b2f848df"
    },    {
        "no": "4",
	"src": "resource/etc/photo/thumb/de0830eb84000361138eee23fa0056d4_200c.jpg",
	"dest": "resource/etc/photo/thumb/",
	"md5": "47576183957dc5829327d129ed34d82a"
    },    {
        "no": "5",
	"src": "resource/etc/photo/thumb/78d044252061e1d9206ee43bcec87bfa_72c.jpg",
	"dest": "resource/etc/photo/thumb/",
	"md5": "3b24d9deed8974932a316f396e17994d"
    },    {
        "no": "6",
	"src": "resource/etc/photo/thumb/4bdbefb1164b0a47521b6dd01468c3fe_200c.jpg",
	"dest": "resource/etc/photo/thumb/",
	"md5": "1dbafac533aa1c63f0d3b77c56446644"
    },    {
        "no": "7",
	"src": "resource/etc/photo/thumb/e2426af21b3421843e19f75a02d652a3_200c.jpg",
	"dest": "resource/etc/photo/thumb/",
	"md5": "c79d4be37a5d79171248836db9fd784e"
    },    {
        "no": "8",
	"src": "resource/etc/photo/thumb/306271a5eb25dd6f111bc10a97a30fe6_200c.jpg",
	"dest": "resource/etc/photo/thumb/",
	"md5": "95e41df1ec6c4e0c7dbe9582e42e93ae"
    },    {
        "no": "9",
	"src": "resource/etc/photo/thumb/e493ac1f543a58eaf9c32f2b32bf1744_200c.jpg",
	"dest": "resource/etc/photo/thumb/",
	"md5": "08f07d3f041a05c219eace3d44c37c4f"
    },    {
        "no": "10",
	"src": "resource/etc/photo/thumb/ff9d67ca49c52747ce33cbece4833256_200c.jpg",
	"dest": "resource/etc/photo/thumb/",
	"md5": "43fd997869ae64964cab30d6840dabbf"
    },    {
        "no": "11",
	"src": "resource/etc/photo/thumb/ff9d67ca49c52747ce33cbece4833256_72c.jpg",
	"dest": "resource/etc/photo/thumb/",
	"md5": "23b310d53aaa71a6f863661e073334d3"
    },    {
        "no": "12",
	"src": "resource/etc/photo/thumb/de0830eb84000361138eee23fa0056d4_72c.jpg",
	"dest": "resource/etc/photo/thumb/",
	"md5": "0a1ac7a7c95d2195a3cb84cf7db459c4"
    },    {
        "no": "13",
	"src": "resource/etc/photo/thumb/e2426af21b3421843e19f75a02d652a3_72c.jpg",
	"dest": "resource/etc/photo/thumb/",
	"md5": "0c0200bb66f498bff3e4f504d86a2dad"
    },    {
        "no": "14",
	"src": "resource/etc/photo/thumb/2c9b11a97e4f0f8fff1a158e9f6a80a0_72c.jpg",
	"dest": "resource/etc/photo/thumb/",
	"md5": "d84c07101b1f7c9de5b0d4fe6bf3620c"
    },    {
        "no": "15",
	"src": "resource/etc/photo/thumb/9e46d5fac07613c7f9b8e50c960f66c4_200c.jpg",
	"dest": "resource/etc/photo/thumb/",
	"md5": "d29b89b3bd4bc5f90beda3f034375aa6"
    },    {
        "no": "16",
	"src": "resource/etc/photo/thumb/44573b26ae8433ace381e1e40655aafb_200c.jpg",
	"dest": "resource/etc/photo/thumb/",
	"md5": "23fcfecb1dcf521d92fec057805cb64d"
    },    {
        "no": "17",
	"src": "resource/etc/photo/thumb/424bc3e6801f42336f830e3a837621d0_72c.jpg",
	"dest": "resource/etc/photo/thumb/",
	"md5": "ee7df80e36a35df692dcb5f3495bd486"
    },    {
        "no": "18",
	"src": "resource/etc/photo/thumb/ca576401c06bef2714c087c7a9a59b51_72c.jpg",
	"dest": "resource/etc/photo/thumb/",
	"md5": "9f89c27f726184c6eda49ac198df75f7"
    },    {
        "no": "19",
	"src": "resource/etc/photo/thumb/e6cf10eaf23c7443061cb4333a38dcbb_72c.jpg",
	"dest": "resource/etc/photo/thumb/",
	"md5": "075dd512eb48bca6e914b877ae40fe46"
    },    {
        "no": "20",
	"src": "resource/etc/photo/thumb/a1364dfb48c1dc3b7a58b0594b39e39c_200c.jpg",
	"dest": "resource/etc/photo/thumb/",
	"md5": "2f6031413fa06063badf8dc90e542df6"
    },    {
        "no": "21",
	"src": "resource/etc/photo/thumb/e0242b40545f33eb1fb52bff37618c55_72c.jpg",
	"dest": "resource/etc/photo/thumb/",
	"md5": "611abe210dcec32bec1c1764c4c2cf41"
    },    {
        "no": "22",
	"src": "resource/etc/photo/thumb/d811023e08a36a61d22329a9dd8b5944_72c.jpg",
	"dest": "resource/etc/photo/thumb/",
	"md5": "10055ae910d842196f1d825c5867f21c"
    },    {
        "no": "23",
	"src": "resource/etc/photo/thumb/c3853594e88fa99ea07803279bacde35_200c.jpg",
	"dest": "resource/etc/photo/thumb/",
	"md5": "7a4250f83b3346dc22add054d6170af1"
    },    {
        "no": "24",
	"src": "resource/etc/photo/thumb/4bdbefb1164b0a47521b6dd01468c3fe_72c.jpg",
	"dest": "resource/etc/photo/thumb/",
	"md5": "817e8f351b6bdb5a9cb638c4b3308961"
    },    {
        "no": "25",
	"src": "resource/etc/photo/thumb/306271a5eb25dd6f111bc10a97a30fe6_72c.jpg",
	"dest": "resource/etc/photo/thumb/",
	"md5": "170075bb12dd9bbbfe2b3a073f092ed6"
    },    {
        "no": "26",
	"src": "resource/etc/photo/thumb/2c9b11a97e4f0f8fff1a158e9f6a80a0_200c.jpg",
	"dest": "resource/etc/photo/thumb/",
	"md5": "0e0343042da2a0f919d076173cc5196c"
    },    {
        "no": "27",
	"src": "resource/etc/photo/thumb/78d044252061e1d9206ee43bcec87bfa_200c.jpg",
	"dest": "resource/etc/photo/thumb/",
	"md5": "0ffb2f708b1f108c688d1f104f40800a"
    },    {
        "no": "28",
	"src": "resource/etc/photo/thumb/c81e3bc88f562632b9e201d0b521839b_200c.jpg",
	"dest": "resource/etc/photo/thumb/",
	"md5": "80aef5210850e03337ef7ef51adf082a"
    },    {
        "no": "29",
	"src": "resource/etc/photo/thumb/9647585c4c5100d944a3f313f9e26302_200c.jpg",
	"dest": "resource/etc/photo/thumb/",
	"md5": "c7a2ee1e356be5726f5c12a6d3e6921b"
    },    {
        "no": "30",
	"src": "resource/etc/photo/thumb/e6cf10eaf23c7443061cb4333a38dcbb_200c.jpg",
	"dest": "resource/etc/photo/thumb/",
	"md5": "895f7c8cf0bf16a9215192509fcb0671"
    },    {
        "no": "31",
	"src": "resource/etc/photo/thumb/e0242b40545f33eb1fb52bff37618c55_200c.jpg",
	"dest": "resource/etc/photo/thumb/",
	"md5": "875fc141876e488001c7cf8eee0331d5"
    },    {
        "no": "32",
	"src": "resource/etc/photo/thumb/2079366f4f45e3d8dabada2be4e16790_200c.jpg",
	"dest": "resource/etc/photo/thumb/",
	"md5": "9457392214b99e7be62e5b16bbb73d6a"
    },    {
        "no": "33",
	"src": "resource/etc/photo/thumb/2079366f4f45e3d8dabada2be4e16790_72c.jpg",
	"dest": "resource/etc/photo/thumb/",
	"md5": "febe0b6d27867b8dce7341dbeba44e0b"
    },    {
        "no": "34",
	"src": "resource/etc/photo/thumb/44573b26ae8433ace381e1e40655aafb_72c.jpg",
	"dest": "resource/etc/photo/thumb/",
	"md5": "6f10ba823106a3d3478ea8bafb49cf11"
    },    {
        "no": "35",
	"src": "resource/etc/photo/thumb/04c85f70f7b1803c2bf126512a91603e_72c.jpg",
	"dest": "resource/etc/photo/thumb/",
	"md5": "d6abb2f70dc20b1b2d6477c08791e0df"
    },    {
        "no": "36",
	"src": "resource/etc/photo/thumb/d811023e08a36a61d22329a9dd8b5944_200c.jpg",
	"dest": "resource/etc/photo/thumb/",
	"md5": "d3f47b72fd8288e2a55a079b77ccdb7c"
    },    {
        "no": "37",
	"src": "resource/etc/photo/thumb/9647585c4c5100d944a3f313f9e26302_72c.jpg",
	"dest": "resource/etc/photo/thumb/",
	"md5": "cc021712353d964c49a7c434375c3e02"
    },    {
        "no": "38",
	"src": "resource/etc/photo/thumb/9e46d5fac07613c7f9b8e50c960f66c4_72c.jpg",
	"dest": "resource/etc/photo/thumb/",
	"md5": "fa077fc50afb8e1dbc862ec6b2241cb8"
    },    {
        "no": "39",
	"src": "resource/etc/photo/thumb/c44cb2b873c8c23406e15ca7fc5ba4aa_200c.jpg",
	"dest": "resource/etc/photo/thumb/",
	"md5": "52ee31216c0e43b2a3046a131d134336"
    },    {
        "no": "40",
	"src": "resource/etc/photo/thumb/e493ac1f543a58eaf9c32f2b32bf1744_72c.jpg",
	"dest": "resource/etc/photo/thumb/",
	"md5": "b3da2250787865d42dc36dea2024ea78"
    },    {
        "no": "41",
	"src": "resource/etc/photo/thumb/1439108bb004b5b21914a63f421dadd3_200c.jpg",
	"dest": "resource/etc/photo/thumb/",
	"md5": "0d77f7f3b68af30f2de93ab062c2400e"
    },    {
        "no": "42",
	"src": "resource/etc/photo/thumb/2ec5470ed844423fd69b5cc538ecb8de_200c.jpg",
	"dest": "resource/etc/photo/thumb/",
	"md5": "ea2dbd34a6223d765e10564c452f1083"
    },    {
        "no": "43",
	"src": "resource/etc/photo/thumb/ca576401c06bef2714c087c7a9a59b51_200c.jpg",
	"dest": "resource/etc/photo/thumb/",
	"md5": "acc4a58e32b9ac43e45ce5049d7c9f8a"
    },    {
        "no": "44",
	"src": "resource/etc/photo/thumb/96aae09327a0358e03eebba3ed61f5fe_72c.jpg",
	"dest": "resource/etc/photo/thumb/",
	"md5": "ba03be5ca525593b606e325c5c55fcfd"
    },    {
        "no": "45",
	"src": "resource/etc/photo/thumb/20a7beff0212523a4b35ea8dbc4b1b14_72c.jpg",
	"dest": "resource/etc/photo/thumb/",
	"md5": "25b20c468777bfde23e2e4b5e7f4c1e5"
    },    {
        "no": "46",
	"src": "resource/etc/photo/thumb/c3853594e88fa99ea07803279bacde35_72c.jpg",
	"dest": "resource/etc/photo/thumb/",
	"md5": "7accfdd9e92e66827d2514c6c076695d"
    },    {
        "no": "47",
	"src": "resource/etc/photo/thumb/b9367e2742e88e332c15d58dbc493653_72c.jpg",
	"dest": "resource/etc/photo/thumb/",
	"md5": "9842d5a3484c24088bc5584e3d77b4a7"
    },    {
        "no": "48",
	"src": "resource/etc/photo/thumb/7bafcd7b880dc628b7617903a97d3c29_200c.jpg",
	"dest": "resource/etc/photo/thumb/",
	"md5": "95d2619747ac3ed7beeab0a2cfa20897"
    },    {
        "no": "49",
	"src": "resource/etc/photo/thumb/424bc3e6801f42336f830e3a837621d0_200c.jpg",
	"dest": "resource/etc/photo/thumb/",
	"md5": "eff75cf83d27a959c048108ba4fbc306"
    },    {
        "no": "50",
	"src": "resource/etc/photo/thumb/20a7beff0212523a4b35ea8dbc4b1b14_200c.jpg",
	"dest": "resource/etc/photo/thumb/",
	"md5": "d0a69c548c94a2410f852fb1ab867af0"
    },    {
        "no": "51",
	"src": "resource/etc/photo/thumb/1439108bb004b5b21914a63f421dadd3_72c.jpg",
	"dest": "resource/etc/photo/thumb/",
	"md5": "210a6e757b2c225ea43f4e019d03f9ea"
    },    {
        "no": "52",
	"src": "resource/etc/photo/thumb/7bafcd7b880dc628b7617903a97d3c29_72c.jpg",
	"dest": "resource/etc/photo/thumb/",
	"md5": "1f1d6c78768a3207e0a2250ae569d631"
    },    {
        "no": "53",
	"src": "resource/etc/photo/thumb/04c85f70f7b1803c2bf126512a91603e_200c.jpg",
	"dest": "resource/etc/photo/thumb/",
	"md5": "bd8632d0ab85b7a8a2fa9ce727734480"
    },    {
        "no": "54",
	"src": "resource/etc/photo/thumb/2ec5470ed844423fd69b5cc538ecb8de_72c.jpg",
	"dest": "resource/etc/photo/thumb/",
	"md5": "9362062ff185f4b249e6495d3b5940c4"
    },    {
        "no": "55",
	"src": "resource/etc/photo/thumb/96aae09327a0358e03eebba3ed61f5fe_200c.jpg",
	"dest": "resource/etc/photo/thumb/",
	"md5": "798d7a61963f109b76474ebba262434e"
    },    {
        "no": "56",
	"src": "resource/etc/photo/thumb/a1364dfb48c1dc3b7a58b0594b39e39c_72c.jpg",
	"dest": "resource/etc/photo/thumb/",
	"md5": "43cf872f04458c7a78ab3cb23ae8b6a0"
    },    {
        "no": "57",
	"src": "resource/etc/photo/thumb/2e028636585ae76f261f9647aa727211_72c.jpg",
	"dest": "resource/etc/photo/thumb/",
	"md5": "02d5f58e2f8176771dca9f9903edb2d8"
    },    {
        "no": "58",
	"src": "resource/etc/photo/thumb/26cf1eb0daa0051ba996647ef720d664_200c.jpg",
	"dest": "resource/etc/photo/thumb/",
	"md5": "d7c1890dcadb852803e18cf040dfe3a1"
    },    {
        "no": "59",
	"src": "resource/etc/photo/thumb/71158a0b7bd4804be14f09b0ee34883a_200c.jpg",
	"dest": "resource/etc/photo/thumb/",
	"md5": "dd2f0ea68af7ac41c5dd165334b878cc"
    },    {
        "no": "60",
	"src": "resource/etc/photo/thumb/71158a0b7bd4804be14f09b0ee34883a_72c.jpg",
	"dest": "resource/etc/photo/thumb/",
	"md5": "2bc0537c3e635888bef6f1b3b415666d"
    },    {
        "no": "61",
	"src": "resource/etc/photo/thumb/26cf1eb0daa0051ba996647ef720d664_72c.jpg",
	"dest": "resource/etc/photo/thumb/",
	"md5": "f51a530240024c9515c61c30edd4751a"
    },    {
        "no": "62",
	"src": "resource/etc/photo/thumb/ed6f384616b6100ee274e9d8192bd417_72c.jpg",
	"dest": "resource/etc/photo/thumb/",
	"md5": "da4f5e76e358593dadacd534b119f4c6"
    },    {
        "no": "63",
	"src": "resource/etc/photo/thumb/2e028636585ae76f261f9647aa727211_200c.jpg",
	"dest": "resource/etc/photo/thumb/",
	"md5": "72f41b4a7a49a32b832d669ee2523d16"
    },    {
        "no": "64",
	"src": "resource/etc/photo/thumb/c44cb2b873c8c23406e15ca7fc5ba4aa_72c.jpg",
	"dest": "resource/etc/photo/thumb/",
	"md5": "3175b92bac2b1517ad2655a655eea4f7"
    }
]
