[
    {
        "no": "1",
	"src": "resource/widgets/photo/image/04c85f70f7b1803c2bf126512a91603e.jpg",
	"dest": "resource/widgets/photo/image/",
	"md5": "f92585b0d3210d3eb07a8bd8fde37fb5"
    },    {
        "no": "2",
	"src": "resource/widgets/photo/image/d811023e08a36a61d22329a9dd8b5944_128.jpg",
	"dest": "resource/widgets/photo/image/",
	"md5": "06b23a3673b516861f161d4614ac1984"
    },    {
        "no": "3",
	"src": "resource/widgets/photo/image/20a7beff0212523a4b35ea8dbc4b1b14_128.jpg",
	"dest": "resource/widgets/photo/image/",
	"md5": "69339004e46cf5269fceeb47a48a8ca2"
    },    {
        "no": "4",
	"src": "resource/widgets/photo/image/9647585c4c5100d944a3f313f9e26302.jpg",
	"dest": "resource/widgets/photo/image/",
	"md5": "bda66cc3ccc48d6cb3a5eb49044c1c10"
    },    {
        "no": "5",
	"src": "resource/widgets/photo/image/04c85f70f7b1803c2bf126512a91603e_128.jpg",
	"dest": "resource/widgets/photo/image/",
	"md5": "fbe9e38973398e74b85f894cfb389d44"
    },    {
        "no": "6",
	"src": "resource/widgets/photo/image/ff9d67ca49c52747ce33cbece4833256.jpg",
	"dest": "resource/widgets/photo/image/",
	"md5": "adeab20c0c97a94ab7579eb01f907000"
    },    {
        "no": "7",
	"src": "resource/widgets/photo/image/9e46d5fac07613c7f9b8e50c960f66c4.jpg",
	"dest": "resource/widgets/photo/image/",
	"md5": "f59e1009a364d2760071c18e46d46801"
    },    {
        "no": "8",
	"src": "resource/widgets/photo/image/e6cf10eaf23c7443061cb4333a38dcbb.jpg",
	"dest": "resource/widgets/photo/image/",
	"md5": "0649b1e0ca7b1e333ec83e2d7e026d36"
    },    {
        "no": "9",
	"src": "resource/widgets/photo/image/96aae09327a0358e03eebba3ed61f5fe.jpg",
	"dest": "resource/widgets/photo/image/",
	"md5": "451cec63af98c7d70abd088b2ecd9343"
    },    {
        "no": "10",
	"src": "resource/widgets/photo/image/c81e3bc88f562632b9e201d0b521839b.jpg",
	"dest": "resource/widgets/photo/image/",
	"md5": "2560cba5aa7a4060e883f4d75de6f44d"
    },    {
        "no": "11",
	"src": "resource/widgets/photo/image/424bc3e6801f42336f830e3a837621d0.jpg",
	"dest": "resource/widgets/photo/image/",
	"md5": "15ef0e628e2026221d7836bea4537945"
    },    {
        "no": "12",
	"src": "resource/widgets/photo/image/2c9b11a97e4f0f8fff1a158e9f6a80a0.jpg",
	"dest": "resource/widgets/photo/image/",
	"md5": "cd8ad27dab56a9d23875fb742b5f2f12"
    },    {
        "no": "13",
	"src": "resource/widgets/photo/image/306271a5eb25dd6f111bc10a97a30fe6_128.jpg",
	"dest": "resource/widgets/photo/image/",
	"md5": "27d0653930f085a47401a22328c3d93a"
    },    {
        "no": "14",
	"src": "resource/widgets/photo/image/1439108bb004b5b21914a63f421dadd3.jpg",
	"dest": "resource/widgets/photo/image/",
	"md5": "f1fb4923affdc2cf67b457b089dab01c"
    },    {
        "no": "15",
	"src": "resource/widgets/photo/image/26cf1eb0daa0051ba996647ef720d664_128.jpg",
	"dest": "resource/widgets/photo/image/",
	"md5": "3b68115fb0eb752d37f8ce9a79779bf0"
    },    {
        "no": "16",
	"src": "resource/widgets/photo/image/26cf1eb0daa0051ba996647ef720d664.jpg",
	"dest": "resource/widgets/photo/image/",
	"md5": "a57709f9e76e8238d36ab074e8eb3112"
    },    {
        "no": "17",
	"src": "resource/widgets/photo/image/d811023e08a36a61d22329a9dd8b5944.jpg",
	"dest": "resource/widgets/photo/image/",
	"md5": "9bd2696beb25f924e6385858eccbc271"
    },    {
        "no": "18",
	"src": "resource/widgets/photo/image/4bdbefb1164b0a47521b6dd01468c3fe.jpg",
	"dest": "resource/widgets/photo/image/",
	"md5": "526c5be013dc899876f3ecaa841020d2"
    },    {
        "no": "19",
	"src": "resource/widgets/photo/image/44573b26ae8433ace381e1e40655aafb_128.jpg",
	"dest": "resource/widgets/photo/image/",
	"md5": "0891f7b79afa10ff0e984c8d2f538b6f"
    },    {
        "no": "20",
	"src": "resource/widgets/photo/image/20a7beff0212523a4b35ea8dbc4b1b14.jpg",
	"dest": "resource/widgets/photo/image/",
	"md5": "3430aeca4c21d01e3a5b588bfba48cc0"
    },    {
        "no": "21",
	"src": "resource/widgets/photo/image/424bc3e6801f42336f830e3a837621d0_128.jpg",
	"dest": "resource/widgets/photo/image/",
	"md5": "1b49e3a4ac72504a98470a3745d023b9"
    },    {
        "no": "22",
	"src": "resource/widgets/photo/image/de0830eb84000361138eee23fa0056d4_128.jpg",
	"dest": "resource/widgets/photo/image/",
	"md5": "77618dec3353b44b4ead9eaed26bf6a0"
    },    {
        "no": "23",
	"src": "resource/widgets/photo/image/2e028636585ae76f261f9647aa727211.jpg",
	"dest": "resource/widgets/photo/image/",
	"md5": "437f93af1c66859d06be9f71fed34c25"
    },    {
        "no": "24",
	"src": "resource/widgets/photo/image/e2426af21b3421843e19f75a02d652a3_128.jpg",
	"dest": "resource/widgets/photo/image/",
	"md5": "e52d3e131f722353c0af8bb526b454db"
    },    {
        "no": "25",
	"src": "resource/widgets/photo/image/b9367e2742e88e332c15d58dbc493653_128.jpg",
	"dest": "resource/widgets/photo/image/",
	"md5": "2d18edd68dde5232fb3caf0a6c410dbe"
    },    {
        "no": "26",
	"src": "resource/widgets/photo/image/e493ac1f543a58eaf9c32f2b32bf1744_128.jpg",
	"dest": "resource/widgets/photo/image/",
	"md5": "88ae668588e70d36f56c41415503ab49"
    },    {
        "no": "27",
	"src": "resource/widgets/photo/image/a1364dfb48c1dc3b7a58b0594b39e39c.jpg",
	"dest": "resource/widgets/photo/image/",
	"md5": "49262575ef35eda416aae37c3044880a"
    },    {
        "no": "28",
	"src": "resource/widgets/photo/image/ff9d67ca49c52747ce33cbece4833256_128.jpg",
	"dest": "resource/widgets/photo/image/",
	"md5": "60287d35aa0c1bb1b7769d3a4a387236"
    },    {
        "no": "29",
	"src": "resource/widgets/photo/image/e0242b40545f33eb1fb52bff37618c55.jpg",
	"dest": "resource/widgets/photo/image/",
	"md5": "131d1a924eda5ea968c38939e43b99d3"
    },    {
        "no": "30",
	"src": "resource/widgets/photo/image/a1364dfb48c1dc3b7a58b0594b39e39c_128.jpg",
	"dest": "resource/widgets/photo/image/",
	"md5": "decebe7f4183468bcee9902c1ad67643"
    },    {
        "no": "31",
	"src": "resource/widgets/photo/image/71158a0b7bd4804be14f09b0ee34883a_128.jpg",
	"dest": "resource/widgets/photo/image/",
	"md5": "1c38e9f9087f707d1ee931e5955422ce"
    },    {
        "no": "32",
	"src": "resource/widgets/photo/image/78d044252061e1d9206ee43bcec87bfa_128.jpg",
	"dest": "resource/widgets/photo/image/",
	"md5": "8cc6363c929374e0246ff57dddb5410b"
    },    {
        "no": "33",
	"src": "resource/widgets/photo/image/b9367e2742e88e332c15d58dbc493653.jpg",
	"dest": "resource/widgets/photo/image/",
	"md5": "8008afce4c394e624fa8d4748ac2a15b"
    },    {
        "no": "34",
	"src": "resource/widgets/photo/image/9e46d5fac07613c7f9b8e50c960f66c4_128.jpg",
	"dest": "resource/widgets/photo/image/",
	"md5": "a3d34ae3d263d6e9494d0803486f8bd5"
    },    {
        "no": "35",
	"src": "resource/widgets/photo/image/e6cf10eaf23c7443061cb4333a38dcbb_128.jpg",
	"dest": "resource/widgets/photo/image/",
	"md5": "e06a1c6a256de988d0adbc43b7c9abb0"
    },    {
        "no": "36",
	"src": "resource/widgets/photo/image/306271a5eb25dd6f111bc10a97a30fe6.jpg",
	"dest": "resource/widgets/photo/image/",
	"md5": "4ad56e87b3d3cd923e9d01e451365bd0"
    },    {
        "no": "37",
	"src": "resource/widgets/photo/image/7bafcd7b880dc628b7617903a97d3c29_128.jpg",
	"dest": "resource/widgets/photo/image/",
	"md5": "178a5a09af22ab5c2440b2a5904a1c3c"
    },    {
        "no": "38",
	"src": "resource/widgets/photo/image/4bdbefb1164b0a47521b6dd01468c3fe_128.jpg",
	"dest": "resource/widgets/photo/image/",
	"md5": "8d6e34cd0984bf72743ef1bb4d6c9dda"
    },    {
        "no": "39",
	"src": "resource/widgets/photo/image/2079366f4f45e3d8dabada2be4e16790_128.jpg",
	"dest": "resource/widgets/photo/image/",
	"md5": "80ee1576aad2a092ab1b56ee6efab0cc"
    },    {
        "no": "40",
	"src": "resource/widgets/photo/image/de0830eb84000361138eee23fa0056d4.jpg",
	"dest": "resource/widgets/photo/image/",
	"md5": "b94f865e6a40dafa25edd49791734905"
    },    {
        "no": "41",
	"src": "resource/widgets/photo/image/7bafcd7b880dc628b7617903a97d3c29.jpg",
	"dest": "resource/widgets/photo/image/",
	"md5": "9c6063cd4bf9efd6e0fad976eb3003ab"
    },    {
        "no": "42",
	"src": "resource/widgets/photo/image/9647585c4c5100d944a3f313f9e26302_128.jpg",
	"dest": "resource/widgets/photo/image/",
	"md5": "915e3f8815d16f64b3b0f48467863d8f"
    },    {
        "no": "43",
	"src": "resource/widgets/photo/image/ca576401c06bef2714c087c7a9a59b51.jpg",
	"dest": "resource/widgets/photo/image/",
	"md5": "57824ac20ca4ce18908e6912541585e2"
    },    {
        "no": "44",
	"src": "resource/widgets/photo/image/2079366f4f45e3d8dabada2be4e16790.jpg",
	"dest": "resource/widgets/photo/image/",
	"md5": "2321fe65d7af613c66810c76e7667677"
    },    {
        "no": "45",
	"src": "resource/widgets/photo/image/ed6f384616b6100ee274e9d8192bd417_128.jpg",
	"dest": "resource/widgets/photo/image/",
	"md5": "957f0e5009c7a83f84be635e2a896ec7"
    },    {
        "no": "46",
	"src": "resource/widgets/photo/image/1439108bb004b5b21914a63f421dadd3_128.jpg",
	"dest": "resource/widgets/photo/image/",
	"md5": "ef9c1ae63e0cf7f6577552b033925c0f"
    },    {
        "no": "47",
	"src": "resource/widgets/photo/image/2c9b11a97e4f0f8fff1a158e9f6a80a0_128.jpg",
	"dest": "resource/widgets/photo/image/",
	"md5": "5a3314051c2489b828c67f9c90661456"
    },    {
        "no": "48",
	"src": "resource/widgets/photo/image/e2426af21b3421843e19f75a02d652a3.jpg",
	"dest": "resource/widgets/photo/image/",
	"md5": "cdb4f92f8b4f9fc288502f5b892d3a28"
    },    {
        "no": "49",
	"src": "resource/widgets/photo/image/78d044252061e1d9206ee43bcec87bfa.jpg",
	"dest": "resource/widgets/photo/image/",
	"md5": "640950c95054d33bb5cc9282462007c9"
    },    {
        "no": "50",
	"src": "resource/widgets/photo/image/44573b26ae8433ace381e1e40655aafb.jpg",
	"dest": "resource/widgets/photo/image/",
	"md5": "8ff1e102270293d1957718f65cdfe48d"
    },    {
        "no": "51",
	"src": "resource/widgets/photo/image/c3853594e88fa99ea07803279bacde35_128.jpg",
	"dest": "resource/widgets/photo/image/",
	"md5": "1c67c4c48bee856423f00d9007b1dce1"
    },    {
        "no": "52",
	"src": "resource/widgets/photo/image/ca576401c06bef2714c087c7a9a59b51_128.jpg",
	"dest": "resource/widgets/photo/image/",
	"md5": "e340b68f55c4ca101c37b7e77df6f8e3"
    },    {
        "no": "53",
	"src": "resource/widgets/photo/image/c44cb2b873c8c23406e15ca7fc5ba4aa_128.jpg",
	"dest": "resource/widgets/photo/image/",
	"md5": "5437db67ded8c41e76dc5ff322267bad"
    },    {
        "no": "54",
	"src": "resource/widgets/photo/image/71158a0b7bd4804be14f09b0ee34883a.jpg",
	"dest": "resource/widgets/photo/image/",
	"md5": "c8f072b8fc6ebf77d44be0b19a399988"
    },    {
        "no": "55",
	"src": "resource/widgets/photo/image/c3853594e88fa99ea07803279bacde35.jpg",
	"dest": "resource/widgets/photo/image/",
	"md5": "bdf2dd9a7440808ef63b55ff28dc54d2"
    },    {
        "no": "56",
	"src": "resource/widgets/photo/image/96aae09327a0358e03eebba3ed61f5fe_128.jpg",
	"dest": "resource/widgets/photo/image/",
	"md5": "129e413ac0c95a50f75c040ee316d3b2"
    },    {
        "no": "57",
	"src": "resource/widgets/photo/image/2e028636585ae76f261f9647aa727211_128.jpg",
	"dest": "resource/widgets/photo/image/",
	"md5": "bd119617c5d6a4b928e502f17a5c82a4"
    },    {
        "no": "58",
	"src": "resource/widgets/photo/image/2ec5470ed844423fd69b5cc538ecb8de.jpg",
	"dest": "resource/widgets/photo/image/",
	"md5": "bc65f22f9be56ea9b909838671fa4309"
    },    {
        "no": "59",
	"src": "resource/widgets/photo/image/c44cb2b873c8c23406e15ca7fc5ba4aa.jpg",
	"dest": "resource/widgets/photo/image/",
	"md5": "4fb05933407bc9fd6e578a2211533e26"
    },    {
        "no": "60",
	"src": "resource/widgets/photo/image/c81e3bc88f562632b9e201d0b521839b_128.jpg",
	"dest": "resource/widgets/photo/image/",
	"md5": "09b1e827faea3a01a2cb366bb57e4cea"
    },    {
        "no": "61",
	"src": "resource/widgets/photo/image/ed6f384616b6100ee274e9d8192bd417.jpg",
	"dest": "resource/widgets/photo/image/",
	"md5": "836ce4b955a06b959ea9be5d031edff3"
    },    {
        "no": "62",
	"src": "resource/widgets/photo/image/2ec5470ed844423fd69b5cc538ecb8de_128.jpg",
	"dest": "resource/widgets/photo/image/",
	"md5": "4ec38f508923f85e1ce083d5c6109924"
    },    {
        "no": "63",
	"src": "resource/widgets/photo/image/e493ac1f543a58eaf9c32f2b32bf1744.jpg",
	"dest": "resource/widgets/photo/image/",
	"md5": "20ea80dffdedac51cf8cd9d42da4d228"
    },    {
        "no": "64",
	"src": "resource/widgets/photo/image/e0242b40545f33eb1fb52bff37618c55_128.jpg",
	"dest": "resource/widgets/photo/image/",
	"md5": "3eab70b95de0094b1027c3df61c389c3"
    }
]
